gene_id,baseMean,log2FC,lfcSE,stat,p_value,p_adj
C1QB,1490.9156082066775,-2.144841545198043,0.5215868003595414,-4.112146901952955,3.9199672910585504e-05,0.002425162497802734
CPA4,9383.151433872154,2.5852071944933477,0.42284958851460125,6.113774885236951,9.730153933098488e-10,5.398352177269706e-07
AFF2,30.04281741071181,4.1983750634475605,0.8700545183504101,4.825416080141182,1.3971128445465924e-06,0.0001753937504624587
PTPRR,31.113536303574485,-2.8862501553466746,0.8827360224828196,-3.269663955968047,0.0010767531682534775,0.025937083670576417
KLRD1,96.15502483292966,-2.4264654814948283,0.8010719317604351,-3.029023219128936,0.0024534582569253342,0.04571725737904531
CERS3,389.0821286084553,3.908459310955078,0.8627736777595871,4.530109589231319,5.8953099003879115e-06,0.0005563940565805829
ANXA8,179.71209704849218,2.6217340039910324,0.6841245538471399,3.832246612474064,0.00012697835644157057,0.005854961802784376
A2ML1,1664.15571717238,2.091621783080297,0.5882047489181408,3.555941680048189,0.0003766276257885989,0.012385503892807096
FAM126A,735.7652890512533,2.6199371665603612,0.46730173741084063,5.606521347591255,2.064335243679196e-08,6.121465837248016e-06
ENDOU,60.26733046606485,3.1779001500185693,0.7551231723205761,4.208452695541754,2.571253425115122e-05,0.0017548804626410707
INKA1,108.86826302328458,2.464318789674566,0.42555305819746386,5.79086142656994,7.00263353123164e-09,2.6022633684904708e-06
IFITM1,12684.7105046239,-2.8704682660936514,0.5680666142069231,-5.053048699404925,4.348129724445901e-07,7.478348313074505e-05
RAET1G,260.87208273594814,2.258322731881496,0.4417143835589674,5.112631184173376,3.1770220881455305e-07,6.0045717465950534e-05
C3,27225.482306700058,-3.2871539960495593,0.5450065604943953,-6.031402618470614,1.6254266210341822e-09,7.168131398760743e-07
KLK6,1220.6917253689048,4.390294445193087,0.7864614106002175,5.582339306187279,2.3730483547351274e-08,6.802343108848243e-06
CALCRL,127.86094238878279,-2.6295516985104554,0.7725895519826963,-3.403555861922075,0.000665148107629737,0.018511136412821757
RPE65,14.226552404286513,6.594749665911365,1.5723437839715642,4.1942161333533345,2.7381680999385932e-05,0.0018540847697182624
EREG,233.75123285351913,3.18424002320291,0.6621680915857825,4.808809218784893,1.5183202473363447e-06,0.00018922891256476662
IFI44,2961.2100848202676,-2.3178809450726447,0.4980965445738219,-4.6534772632399095,3.2638360793091222e-06,0.00035754596642062166
KLK14,36.87991776929772,3.2641317860119416,1.0896267946925497,2.9956419958752503,0.0027386775828090694,0.04911628336468528
CLCA3P,68.0238930890257,3.3739914389868515,0.8564417584107127,3.9395456910554216,8.163605387453263e-05,0.004203767935892475
CEMIP,339.09962002016505,3.181080901224967,0.5828541983931641,5.457764411742591,4.821668160452239e-08,1.3375463014777104e-05
TMPRSS11A,2472.993015613986,3.9523645408748083,0.6870412391693048,5.752732609840969,8.78123192377863e-09,2.9613413305307586e-06
BCL2L14,415.6345745593578,-2.5235724876127197,0.5112511591037304,-4.936071914314622,7.971172485448606e-07,0.00011424682964769214
LIPK,14.690053378412287,4.031596418434079,0.9434219893577052,4.273375503128611,1.925358064470069e-05,0.0014151381773855008
KRT3,6.178363128058729,4.0251000036059414,1.0981973846406958,3.665188116362942,0.0002471568447375645,0.009352040366793974
EPSTI1,2228.026804015175,-2.4545517296043524,0.5623225676649262,-4.365024401914023,1.2710856845519206e-05,0.0010510289754138693
GPX8,330.2505281686715,-2.1288772663320783,0.45509482153131253,-4.677876270199665,2.898613534274447e-06,0.00032163389790958847
FRMD6,1029.0644908332122,2.4132370518443547,0.47261420312734886,5.106145849776954,3.287959498069525e-07,6.146697326880191e-05
GIMAP6,272.1400218902114,-2.284930044108379,0.7046412965109319,-3.242685399539211,0.0011840888025730354,0.027282809181229672
SIGLEC1,248.6860557081934,-3.996832270483365,0.7554918474290169,-5.290371145744087,1.2206839621369504e-07,2.7265640863368064e-05
STRIP2,209.17191531785605,2.4793420105546287,0.7043328499846271,3.520128318037052,0.00043133806683853695,0.013662216227543274
IL1RL1,80.95852783940026,2.9793546104380937,0.7989824621363298,3.728936180240873,0.00019228983973585185,0.007836950127054303
SPRR2C,902.283575018622,6.0585397720234795,1.4484585414478202,4.1827498672952075,2.8800420734873714e-05,0.0019273869113583385
LOC101928034,35.34158832777533,2.065544477540834,0.6343132998400284,3.256347420212941,0.0011285556831434173,0.026698802193099908
KRT13,23297.71257041923,3.9011202225915134,0.6406477567597568,6.089337208206967,1.133790860654166e-09,5.694186693081191e-07
CNR1,7.577585776138699,4.921174980236968,1.1996812869727496,4.102068635791558,4.094727604149063e-05,0.002515186430848562
HEPHL1,51.98463665476379,3.768564115795177,1.0169947895331812,3.705588420492316,0.00021090053766405328,0.008338048305951863
CDC42EP5,36.04589900835072,-4.913808338503175,1.2653216969694243,-3.883445885953155,0.0001029864603572447,0.004989476427279581
TBX18,32.235244768682904,3.7065482952319924,0.899621167702235,4.120121255816004,3.786730610390461e-05,0.002368290173385656
ENOX1,25.77963831486916,-2.3794763263750935,0.6351367459299759,-3.746400033729794,0.00017939044318998276,0.007557687829605202
VNN3,2125.781924659769,-2.388897745057794,0.6886387696973596,-3.4690143079043576,0.0005223716336267309,0.015516873448611648
DCC,11.423871062023169,-3.793129356088699,1.1908196647881433,-3.1853096386038673,0.0014459920125547078,0.03120403591459024
RSAD2,3017.9574676728234,-4.005492145315673,0.9210252070862017,-4.3489495341692495,1.3679118291585063e-05,0.0011203197880808166
KCNN2,12.731699070189412,3.6134990836860825,1.0057966815960355,3.5926734993319407,0.0003273025883264555,0.01139408424933534
CYP27C1,85.36381069713158,5.865583321584777,0.9026065450550154,6.498494115425741,8.112796798604732e-11,6.644380578057276e-08
HS3ST2,12.400717494901894,2.803172517176581,0.8488565913759548,3.3022922195052717,0.0009589810720147991,0.023973132932532747
PGLYRP3,111.96345927733422,2.8975892939156473,0.7206467008744011,4.02081809352605,5.799637785460954e-05,0.0032510161982565937
RHCG,1461.030811308034,2.717227200350466,0.8983206962575345,3.0247852595076794,0.002488097156975834,0.04611434487832643
SLC26A9,211.1969786488919,4.486565314669779,0.8381990150288539,5.352625372048827,8.668720130955976e-08,2.0423742127713948e-05
CD1A,8.560217827681223,3.449412531066335,1.0168079633987217,3.392393308502949,0.000692849087029047,0.018944851268382478
C11orf96,33.40369678368409,2.9109070514980795,0.887117168681176,3.281310692955645,0.0010332585870837666,0.02524291823757628
LINC02657,10.482332312427648,2.4270686370796097,0.7317194092909894,3.316938988172194,0.0009100948834116239,0.023013980861575422
ACKR4,33.205623342284035,-2.559117291901353,0.8328882509274907,-3.072581812808095,0.002122156522945522,0.040964051670190835
SERPINB13,2934.531001942175,2.1368163590673337,0.47580767544400027,4.490924525488921,7.091467889413046e-06,0.0006453235779365871
CLCA4,5208.888286294486,2.594245263217994,0.503474477852022,5.152684748362711,2.5678343518738266e-07,5.1957862373974054e-05
LOC283028,12.848900423689884,2.016987009057421,0.5668781918812814,3.5580606873651415,0.0003736030068034457,0.012333201754342538
CLCN1,29.271214430704088,2.1429700257972324,0.6294694643218666,3.404406642831951,0.0006630796164793971,0.01849151076355718
DMKN,1193.9143006801626,2.058164496713591,0.4867590250401762,4.228302693604322,2.3546087557899453e-05,0.0016529353465645415
CNFN,2060.9183736717528,3.174257155224148,0.7524842541998523,4.218370201778464,2.460745609057036e-05,0.001699693322496866
KRTDAP,149.02018501645946,3.8437772749059933,0.7692238202623405,4.996955598170491,5.824247211814251e-07,9.190020898714981e-05
IL32,463.02843619842974,-2.2757054658773437,0.7612545379124711,-2.9894146471925582,0.0027951252843238256,0.04986863046170693
ADRA2A,35.101971553487466,-3.427908843365676,0.8099567992057762,-4.2322119484977465,2.314041827489961e-05,0.001631114975040977
SERPINE2,291.8914252143332,3.1090552622364136,0.6078541830418801,5.114804420161743,3.1406620011061645e-07,6.001805084113881e-05
CNNM1,144.6311516623784,2.1399909581982186,0.601749120232248,3.556284315583675,0.0003761370099280625,0.012385503892807096
PLAAT2,942.6690256193066,-3.200006873506353,0.6438023673382345,-4.970480128454025,6.678730668380684e-07,0.00010076095505743805
INA,67.50649781465962,2.963279802046991,0.5475367127046449,5.4120202961540205,6.231762365216054e-08,1.6104977494934364e-05
SPINK5,2307.7117156055197,2.6694708092824224,0.672370004766637,3.9702407757004714,7.180003638736129e-05,0.0038049544983025005
ISG15,6234.227662669091,-4.462281213638283,0.6804571042894768,-6.5577700423860374,5.46183458481863e-11,4.944110159173454e-08
CNTN1,102.42040904912851,4.116596622916275,0.7145349437539195,5.761225058202332,8.350560360130608e-09,2.9310466864058433e-06
HS6ST2,171.19935455455493,2.834859077584138,0.6993026200173069,4.0538373465753335,5.0384254940933426e-05,0.0029275635159767364
ERG,17.067526313827273,2.252731001441839,0.6121367531703737,3.680110677515298,0.00023313274530841732,0.008970134421833266
LINC01001,7.711237162101014,3.0352560284722965,0.923145728611312,3.2879489493367764,0.0010092013780328025,0.024831551503270627
IL36RN,216.0381940372695,4.334444153119831,0.7122170358930593,6.085847339617213,1.1587681508101731e-09,5.694186693081191e-07
AKR1B15,59.40035902029765,2.064571894215334,0.5061385068597011,4.079065050839183,4.521718411316516e-05,0.002690970067689715
BTN3A3,1298.7356837749476,-2.401639802143081,0.446798176982342,-5.375222921372835,7.648799038218609e-08,1.8430073524549284e-05
CCDC177,4.709155411581665,4.226097530895211,1.2430837574696767,3.39968848076458,0.0006746266580025817,0.01868422526728889
FLT1,437.3134332245091,-3.6372343762461004,0.8390501754822572,-4.334942632191862,1.4579813978920539e-05,0.0011772686414246683
SBSN,836.6493850522141,5.609900442494045,0.918960413939048,6.104615995859571,1.0304813028108035e-09,5.538514977200941e-07
C1QA,1083.6737511834888,-2.331234623212327,0.5471007597902603,-4.261069979332587,2.0345051060052148e-05,0.0014826886999230377
GJB6,257.15051328772665,4.45383407022089,0.7497891290071598,5.940115557714841,2.8482123516643473e-09,1.1663429580065502e-06
OTOF,37.869023404351935,-3.933360675915782,1.115677403865243,-3.525535842429657,0.00042262698242303876,0.013485642802771508
SPRR1A,10483.596836081928,4.3284419928601965,0.5159815435586903,8.388753525963779,4.9132355606128645e-17,3.5007770274944344e-13
ATP10A,209.88059246466267,-2.018569641599602,0.4692587286990907,-4.301613413128427,1.6955894952717697e-05,0.0013207918501762287
CALB2,6.799991958780681,4.187557711462466,1.1225420563637156,3.7304238961231873,0.00019115787989573577,0.007809321558970925
ROR1,16.095055557258235,2.139127499963553,0.6934046283520688,3.0849628232902906,0.0020357759782741887,0.0397245658253485
PPP2R2C,134.73335815399216,2.161177717704024,0.6999061025107377,3.0878109362832253,0.002016367082823794,0.03945335319395499
C1QC,1338.5290217450067,-2.0211667766197365,0.5629211069792955,-3.5904974099577966,0.0003300475102626291,0.011444530502030157
FZD10,30.06490048176083,3.7615077196816826,0.8771752845081421,4.288205317812699,1.8012256002712752e-05,0.0013528069475574524
CALML3-AS1,46.945291650604304,3.022548855227152,0.5388309271026037,5.609456887487829,2.0296254897432596e-08,6.121465837248016e-06
DIO2,121.82096894630885,2.6200772594647517,0.6797671510322949,3.854374627379244,0.0001160258202117849,0.005482220005006836
RAET1L,316.53445588747667,3.0948246320871444,0.5230279276912229,5.917130746246153,3.276062681003345e-09,1.3103488848971289e-06
SLC34A3,16.114650276027078,2.18718737892779,0.4972509690775305,4.3985583034364435,1.0897235331430587e-05,0.0009054181181897328
SIGLEC8,10.082140604418623,-2.667163266338264,0.8690890669761862,-3.0689182129722345,0.002148353972097857,0.04133058161757387
HERC5,495.3937508023557,-3.2804373521082923,0.7057124880048115,-4.648404850228365,3.3451186499256225e-06,0.00036063822253133807
TGM5,125.01205227889966,2.7858975494621365,0.7520425095509746,3.7044415895127054,0.00021185691666381559,0.008338048305951863
CMPK2,1553.2375127497266,-2.9842974520314787,0.7493172694358371,-3.982688740482872,6.813997211254859e-05,0.003648745504050576
ITGA6,2586.4330350363325,2.106849924284121,0.37428247018989547,5.629037136618214,1.812183818460704e-08,5.613933080302128e-06
SGCG,13.506884927000986,3.1963242215277,0.8913390603825453,3.585980199449466,0.00033581443995033835,0.01159773604961018
ETV4,171.83909327737626,2.0816001584333814,0.525368039320652,3.962175089914257,7.42700407403167e-05,0.003906331592332437
LINC02446,55.335477698871955,-3.5846198161983964,0.9597629890183916,-3.7349010716329105,0.00018778899263664748,0.007722825079582621
PROX1,13.514790176097565,-2.5096992838256624,0.7246608476088351,-3.46327429183862,0.0005336440972270439,0.01577000829588991
STATH,2486.7695883018528,2.3062457383347352,0.679018817779175,3.3964386228317367,0.000682688659891683,0.018844825402912012
C11orf91,34.561282203163685,2.2698232054602077,0.559123017982219,4.059613237980469,4.91540657591078e-05,0.0028952081403797775
KCNK7,31.194021967510267,3.172118595014689,0.6853889222129906,4.628202312889039,3.6885359002646666e-06,0.0003844795693857697
SH2D1A,57.374380960267814,-2.7310323817794195,0.8152469210596306,-3.349945042699107,0.0008082759543038447,0.02122372234820126
HAS3,945.9535080242113,2.2457595433640654,0.48621493171024194,4.618861735621105,3.858508483089947e-06,0.00039738016407583237
CLDN10,757.6621874566287,-2.3068184607594127,0.6153597886198722,-3.748731235645314,0.00017773142369025384,0.007510571882183479
PRSS3,410.66870534690474,4.799744139251876,0.693220510343488,6.923834577360704,4.3957919490685895e-12,6.300268811002556e-09
VGLL3,41.034385305791574,2.0410800779185334,0.6278683617922328,3.2508089308598493,0.0011507716773563055,0.026869538881096097
RELN,26.379860761836404,3.36765800985701,0.8124775409528588,4.144924431889504,3.399257918094965e-05,0.0021746444633343404
ADM2,200.59073137058087,-2.4268816712815897,0.4513190760493345,-5.377307984686876,7.560777762345742e-08,1.8430073524549284e-05
CALB1,87.18994912745342,4.176689250596195,0.9370537726600813,4.4572567471123135,8.30151542685973e-06,0.0007321936606490282
SAMD3,63.68919989031731,-2.963537613276247,0.6867297036370651,-4.3154353125847456,1.5928869321537476e-05,0.0012624913523554058
TUBB6,1099.4483325324773,2.3696057682024354,0.5356673835204102,4.423651394694536,9.704656928766041e-06,0.0008345519725892357
BATF2,695.9805502472886,-2.4639750441804757,0.6874914075009888,-3.5840084942107904,0.0003383610736888461,0.011637690615317725
OAS2,9567.084534091468,-2.2992675875640356,0.5657080002387477,-4.064407055572253,4.815472290543537e-05,0.002846093055843927
ALOXE3,115.79354360392807,3.5096187554183187,0.7216528096579431,4.863306438288304,1.154409123789676e-06,0.00015107071120051677
CAPN14,1952.6688568455866,2.558016257961462,0.7006730381435406,3.6507987587748794,0.00026142601976684527,0.009682372170955267
SERPINB7,208.78748866406866,2.5088993006774887,0.7416616648085028,3.382808387872234,0.0007174867273858868,0.019417600439397036
BTBD11,216.77689927222326,2.173533650496434,0.43327920792116736,5.016473467362633,5.262854049638538e-07,8.459423065395627e-05
USP30-AS1,51.425332303844314,-2.412873804480007,0.5630655316348665,-4.285245089455579,1.8253784019279128e-05,0.0013606894374318674
PGBD5,97.94178331681395,3.5376571387772864,0.7441479598851088,4.753970083212316,1.994605654027905e-06,0.00023658774236983408
KRT10,2122.1067556765865,2.19473091701218,0.5608744214056347,3.91305225064794,9.113680485442518e-05,0.00456075614003353
CD109,416.8741472097453,2.6910682823293244,0.6175763458237173,4.35746657158639,1.315765867042517e-05,0.001082768284558098
SLC35G2,88.26755126244127,2.0209897766268403,0.4888704270677823,4.1339988363555245,3.5650527882430096e-05,0.002245983256593096
TNFRSF10D,518.7752610372,2.310647048902177,0.6648428470262423,3.475478542391496,0.0005099427864673208,0.015296793846737093
SP6,132.145563588755,2.304647872519525,0.44697024903407345,5.156154973401455,2.5207229749126855e-07,5.1957862373974054e-05
LINC00330,48.1071605031115,2.141260840184565,0.6658003441105613,3.216070491890572,0.0012995890566637133,0.028813309289740394
LYPD3,8454.099677358745,4.128721151984516,0.5609634651196526,7.360053566240481,1.8383644407811562e-13,3.513114446332789e-10
SPP1,263.9406516535886,-2.7266749333979527,0.5059760213909189,-5.3889410132566615,7.08740611662524e-08,1.7666130115918477e-05
S100A9,71118.33997590642,3.243507363574942,0.8682310428042609,3.735765255638501,0.00018714518941480074,0.0077187292871586525
S100A2,14760.618694808249,3.6740586858738444,0.5945523020335955,6.179538239625283,6.428936126512026e-10,4.09523231258816e-07
LMO7DN-IT1,13.756411660331981,2.2454542207919155,0.6760164304242055,3.3215971087905003,0.0008950383070966873,0.022738203609683788
CALML5,1339.417607458424,3.0544168436252743,0.7943368631545428,3.8452412135265837,0.00012043390802632869,0.005620223713027547
LINC00551,6.71362755083707,4.145648395769661,1.0992781407924532,3.771246094988412,0.00016243438111367503,0.007037697861341459
DSC3,2389.810018429533,3.1129833448427906,0.4396128917954975,7.081192119113086,1.429195990276136e-12,2.234612894250842e-09
SPRR2D,3518.369922084719,5.230608405919185,1.3370231242260524,3.91213009793452,9.148560197171742e-05,0.00456075614003353
NMU,524.6652771132025,2.4195615064004508,0.36843226518466543,6.567181365583494,5.127657920394343e-11,4.899477142936794e-08
KRT5,37789.99638178223,3.063013436974895,0.44548965397339674,6.875610712067869,6.172484732142052e-12,8.166197300623934e-09
EMP1,9732.399190920123,2.0484825728860683,0.5658415295952238,3.620240766617918,0.0002943290081076883,0.010622751624786212
CYSRT1,790.4176069996399,2.7349109554736453,0.5245892057316262,5.213433531594233,1.853769723137042e-07,4.035820945346074e-05
PLAT,4960.362335069744,4.160297700418209,0.8070982703626665,5.154635876680538,2.5412423929490217e-07,5.1957862373974054e-05
PDE1C,38.32881032503552,-2.549261720287253,0.760900287445374,-3.350322982326732,0.0008071738247956328,0.02122372234820126
XAF1,2880.9199825481683,-2.8942832679857373,0.4921376935691278,-5.881043670919699,4.07687572705311e-09,1.5581819028796985e-06
SMILR,14.75785976802026,2.562745669394062,0.758707474625319,3.3777783336847333,0.0007307395965877538,0.019637484877676217
CD27,56.027371954465465,-2.6111115414719483,0.7508274891021179,-3.4776451040630696,0.0005058391789583176,0.015263031647200182
LY6D,17043.247406379094,2.74065521237767,0.838530643315757,3.2684019769873203,0.0010815663454679983,0.025998329414698918
TFEC,103.14841303101596,-2.1455915527920792,0.6679876345232695,-3.212022860757518,0.0013180388668270783,0.029025544776643944
GCOM1,35.92387624518931,2.004951111904046,0.5366122452251121,3.7363126349510662,0.00018673847445669416,0.0077187292871586525
PKP1,3332.603961560347,2.6909356600661143,0.47817200354266165,5.627547493641655,1.8278984388448114e-08,5.613933080302128e-06
KLK7,1110.6918624991085,3.1286319426830143,0.6115386610906215,5.116000249441948,3.120826463104318e-07,6.001805084113881e-05
S100A8,41733.78524348363,4.259784629764302,0.9284465117947928,4.588077585136976,4.473463944041266e-06,0.0004455457202709887
INSYN1,25.150772350503164,2.397282426193206,0.6455893952039309,3.7133237379711677,0.0002045549477855125,0.00821995454897904
ALOX12,179.11592352154088,2.558678380883355,0.6166646299699291,4.149221889064929,3.3360732188709625e-05,0.0021489559285154188
KLK8,208.4274223527493,3.571702840329187,0.8236167048098962,4.336608059878524,1.4469830595343609e-05,0.0011738991340062017
SERPINB5,3783.1249236403723,3.0911664735503313,0.5714133898463043,5.4096850519757265,6.3135682306127e-08,1.6104977494934364e-05
TMPRSS11F,59.43053594125891,4.187407175802616,0.8249321164406734,5.076062735767861,3.8533611103633317e-07,6.943625327109995e-05
KLK5,95.14258136402435,3.2120762225710826,0.8384308176314655,3.8310569638232916,0.0001275939582326069,0.0058676162771192685
NR2F2-AS1,64.14615009592006,-2.350109199941304,0.5882457473913552,-3.9951146444545316,6.466295483275602e-05,0.003519424557495477
SFN,8711.74627416114,2.0366486394839387,0.44083915350145725,4.61993591836712,3.838585827461771e-06,0.00039738016407583237
GMNC,215.50845078964625,-3.566242959780094,1.0623597331451367,-3.356907127138716,0.0007881958340711804,0.020855661769523432
IFIT1,6275.925992208226,-5.629513068795734,0.8806326086263258,-6.392578486932314,1.6311145279301356e-10,1.1688974485779334e-07
KCNA3,31.300281836213934,-2.3095263064279052,0.6737203588155725,-3.428019171764596,0.0006080025209323939,0.017343040652061
CXCL9,1024.6958595498777,-3.9447266087324637,1.0081764124372805,-3.9127344778837183,9.125685785250189e-05,0.00456075614003353
IFI35,1745.6235746129144,-2.1041648552611303,0.5038934429616359,-4.175813130041726,2.969234999444077e-05,0.0019793749130014994
PLA2G2F,43.734259636408325,4.539561345423794,0.8447799200597351,5.373661515419066,7.71536306626867e-08,1.8430073524549284e-05
KLK9,79.75144896126491,4.799686248524751,0.8337770643035458,5.756558262410265,8.58461622018317e-09,2.952936287418607e-06
APOBEC3H,34.52092409516553,-2.378643053087277,0.6415749934567797,-3.707505868131247,0.00020931056796602416,0.008329539398692663
CSTA,9027.845216624028,3.2505399270934183,0.5466812685348913,5.945950802018299,2.748566977989332e-09,1.152990328157037e-06
EDIL3,217.17743660930887,2.507671231590346,0.4996779023064386,5.018575406307364,5.205606019292108e-07,8.459423065395627e-05
VSIG10L,478.27045204991964,2.5505224539284583,0.5665104015973986,4.50216350262362,6.7265201525259e-06,0.0006153692558685795
DNAJC12,47.24861336718496,-2.866352340766909,0.5763207006321076,-4.973537021354774,6.574221175532066e-07,0.00010006197344953627
WNT16,7.63333405811118,3.2728751435273384,1.0093962857474592,3.242408546316148,0.0011852398136195693,0.027282809181229672
FAM180A,7.383776909273076,2.391689997854948,0.7586350688544297,3.1526225138346144,0.0016181090491589833,0.033733160650285275
SPRR1B,10562.539152760213,4.159261247998267,0.7822386781777241,5.317125532180968,1.0541934211741063e-07,2.417476353436461e-05
FOXN1,121.28015247882004,2.516239707189795,0.6775463240466795,3.713753020105587,0.0002042080969783303,0.00821995454897904
ELOVL4,55.148443570881,3.1404604036549504,0.4605787157574641,6.818509618904499,9.198981818569174e-12,1.130094916411223e-08
SERPING1,5251.921756560003,-3.67238046984438,0.604561225422149,-6.074455845692145,1.2440886025373093e-09,5.7829945608214e-07
KRT42P,12.62796825144674,2.17620900107269,0.6815256617438364,3.1931431540000577,0.001407331596093726,0.03052294592839343
TMEM92,203.95344706292533,-2.010111281263622,0.40690814648895757,-4.939963229067892,7.813730449287538e-07,0.00011388843220109863
ADGRF4,414.9570214877094,4.064533374947712,0.6180543860504053,6.5763361067972905,4.821819337678038e-11,4.878262987572034e-08
KLRG2,10.540902674571125,2.639979731353484,0.7848103194503832,3.363844314894215,0.0007686488982136538,0.02049611224864594
DSG1,8.878939050025275,5.179057971166342,1.4460193042876575,3.5815967019317667,0.0003415006872481109,0.011637690615317725
NWD2,16.919454241542493,3.29221217576751,0.8987723640899044,3.6630100204529534,0.00024926878366884886,0.009352040366793974
DDX60,2536.9815201474544,-2.4142617587441872,0.5586701689979792,-4.321443837021698,1.5501151033393677e-05,0.0012342791510339714
TIMD4,9.519035284966305,-5.916930819518735,1.5652257943165895,-3.7802410623460188,0.00015667658911265066,0.006874185347317548
TMEM150B,8.089064480637505,-3.224318709203344,0.900484592090143,-3.5806483947929375,0.0003427426191754643,0.011637690615317725
BRINP1,7.4158117000393515,2.9683524789288662,0.7815437757481151,3.7980629761749154,0.00014583127620323543,0.006502502626296528
TPRG1,184.78822768550967,3.2190020600189277,0.6997867196471929,4.599975920723148,4.225397800822447e-06,0.0004300154838836998
IL36G,385.45115528875414,4.489247747664749,0.8300873951229977,5.408162771824234,6.367454326737233e-08,1.6104977494934364e-05
LINC02582,11.514978064179427,3.67285500471448,0.9563549481181362,3.8404726319884963,0.00012279766240991347,0.005708099988616491
FETUB,7.517468853004305,3.4832078339369263,1.0698881269890783,3.2556748187677416,0.0011312323105487844,0.026708468838899112
IVL,883.4128158099758,3.9813950505358418,0.5230081834937389,7.612490924979006,2.688630784882027e-14,7.706960144864331e-11
UCN2,18.588719892775078,3.024387784287572,0.7524534021744094,4.019368874601163,5.835424773601358e-05,0.0032510161982565937
CD247,180.8512725349977,-2.3509944740729436,0.7527537704430451,-3.1231918940628205,0.0017890106524556927,0.03598609726303661
CLDN17,55.10568585001832,4.370554894131711,0.853161447183195,5.12277589260693,3.0107010647447365e-07,6.001805084113881e-05
TF,1427.6943454316522,-2.4960192002940094,0.8305802371014261,-3.0051512049030475,0.0026544885301166853,0.04800688562510712
SLC4A4,701.9560911544056,-2.142515903867449,0.5041057248091587,-4.250132062433034,2.1364451407762353e-05,0.0015504101255785008
DSC2,1033.098407534858,2.4377431909779834,0.5382255537687898,4.529222319357184,5.920118167000794e-06,0.0005563940565805829
SLURP1,121.44284359965351,2.8397356207397206,0.6239687992026197,4.551085926682018,5.336974511633467e-06,0.0005099479145865778
TMPRSS3,397.4317430656607,-2.3785530086919793,0.7021796809141744,-3.3873851285404877,0.0007056225907261065,0.019232968205861026
LGALS17A,60.75852832656341,-5.168898258583301,1.2249643338906404,-4.2196316378993926,2.4470181011550798e-05,0.0016970267871679926
BPIFB2,22.392408614062695,-4.853239757555385,1.5287790353731998,-3.1745854994476885,0.001500506773931905,0.0319792019886677
BTN3A1,2045.7874515503104,-2.470741062823817,0.3959509910255546,-6.24001737291865,4.3752229801145446e-10,2.894210001345771e-07
IGFL2-AS1,19.278490546922306,3.1024525653496293,0.886803299681149,3.4984675479501703,0.00046794003158766545,0.014527257406635847
TAC1,5.762984668222492,3.4842487004916487,1.161782406987702,2.999054452481936,0.002708189006805693,0.04862019073909302
ZSCAN23,11.326455960404326,-2.5708518890979777,0.8229703534992081,-3.123869381402269,0.0017848967262331262,0.03594664964225239
SIGLEC12,9.474813869476797,-2.826855820212878,0.9037944020040584,-3.127764250303671,0.001761414023232624,0.03564065857126812
C10orf99,53.058784607182936,7.7713545195811236,1.566943333818989,4.959563215754973,7.065185444019582e-07,0.00010475355556180413
SPINK7,424.44555139097434,3.2234039395328775,0.8406816182184655,3.834274319407351,0.00012593553607084953,0.005822487324953067
ZNF285,16.300061296172437,-2.188199680583717,0.6891900654694361,-3.1750307937089066,0.0014982060112624786,0.0319697831112945
WFDC5,30.982729431154507,4.487477715333792,0.9186149365566502,4.88504762632613,1.034038559395813e-06,0.0001400291448617743
GIMAP8,120.78026640311464,-2.491858898379575,0.5278932265498261,-4.72038429942684,2.353994763960373e-06,0.00027172050970036544
PNCK,83.69246113472843,-2.0426889358774107,0.5894608956321222,-3.4653510538419776,0.0005295397582247359,0.015675652842869592
MUC13,2816.519649451586,-3.670151425232803,0.8534426793371241,-4.300407647861529,1.704842088139559e-05,0.0013207918501762287
ALOX12B,51.17311663387042,4.386503776188539,0.9021189901020862,4.8624447820260945,1.159447286381081e-06,0.00015107071120051677
C12orf54,152.65181787394351,2.1999892149324887,0.4917507877358473,4.4737888983601435,7.684561161389945e-06,0.000691972604265684
LINC00487,12.848423416357152,-6.353956900820451,1.6921855224577713,-3.7548819656557573,0.00017342318601061023,0.007373099054416829
NRIR,31.2458124207374,-3.8561155000009575,0.9240071591343288,-4.1732528388780255,3.0028138616371153e-05,0.0019926881245222686
STARD4,352.90754841893505,-2.3239152582734146,0.6948965377121051,-3.3442608102851277,0.000825021373845941,0.021540130217600373
MUC2,2539.0022664388557,-4.495087125906533,0.6990778384962114,-6.430023780436137,1.2758398371423245e-10,9.540508416961234e-08
CCL26,28.881590193856262,3.0957326370462366,0.7557273232398766,4.096361930880744,4.1969360557213274e-05,0.0025596845114308903
HP,80.12244227003143,3.1178998991945934,0.8603053682159287,3.6241781283550343,0.0002898817755573308,0.010496161384864278
KHDC1L,51.31161632888113,4.4289313568338375,0.6716856893703302,6.593755720753446,4.288371024118283e-11,4.609730827738147e-08
PHOSPHO1,81.18066746174848,3.2436707242383114,1.004110290073106,3.230392872482315,0.0012362022130132692,0.0278703882557088
HAVCR2,247.15808560106288,-2.01257544902502,0.5165144532847726,-3.896455241912497,9.761083630261227e-05,0.004784804739351057
LAG3,493.80419669749716,-3.998262941160022,0.7217818785421977,-5.539433809609381,3.034511086776806e-08,8.555828882208901e-06
KRT4,23316.912805660468,2.5456156594758346,0.6440934286998004,3.9522459724741226,7.742109835016347e-05,0.004010739369049583
SERHL2,219.1399507014449,-2.0879092832442243,0.6256079126996258,-3.3374086881901315,0.0008456350303452582,0.021870792311139996
WFDC1,20.188431832645435,-3.503954247068093,0.9787880254954702,-3.5798907994347027,0.0003437378238607712,0.011637690615317725
SPRR3,32190.76628998106,3.2735033142871,0.6491180799461105,5.043001289624939,4.5828616149111606e-07,7.727513423025202e-05
LGALS7B,321.5351403312296,3.2593147134397045,0.8276877053278908,3.937855657948329,8.221302230374898e-05,0.004213649912613267
HSPB8,3125.379962973987,2.4192400674111365,0.4463307054899565,5.420285984481915,5.950376857841575e-08,1.5744697165848807e-05
ANKRD37,180.8833973097062,-2.9719331683611503,0.825500800271083,-3.6001578282967244,0.0003180240842991071,0.011139910846966077
TFF1,2332.0403243787787,-3.040639559813004,0.8824959015280754,-3.4454999219237394,0.0005700041318184998,0.01656371283994721
COL22A1,32.46895127009223,-3.3298572502094417,0.9793536768701439,-3.4000559030432473,0.0006737207748430316,0.01868422526728889
ANXA8L1,135.6099085320433,2.562478050452903,0.7784579091572457,3.2917361623662194,0.0009957097658056095,0.024605190031739478
UCA1,1756.6928841918145,2.115933260203672,0.6733265676561283,3.142506714935228,0.001675078709523476,0.034502609251609896
ZNF365,63.76281541772444,2.4513738970781604,0.5491406107655225,4.464018593818538,8.043657947453145e-06,0.0007168024509753712
KRT6A,32447.90500695748,3.815731857349152,0.888891737668908,4.292684581989472,1.7652569217828047e-05,0.0013493623910107758
RUFY4,91.65428526326204,-3.4234507852784906,0.6297418244389411,-5.436276665169194,5.4405456632120925e-08,1.4620616384622622e-05
CXCR2P1,64.81669244795913,-6.359450407336347,1.0461033441012524,-6.079179885233992,1.2079878224070574e-09,5.771161821549717e-07
ASCL3,98.8388236126423,-3.1350715655985604,0.7898543492360519,-3.9691768091557704,7.212135394189285e-05,0.0038049544983025005
FRMD3,144.93591996480163,-2.3191372404695625,0.7439326545645297,-3.117402128055662,0.0018245251603938256,0.03644600259420837
SLA2,154.9205746414536,-2.3294875233760624,0.7529870990329763,-3.0936619317485077,0.001977026285294827,0.03883878711020782
GIMAP2,125.52005453581506,-2.3032653869099984,0.5096176813189566,-4.519594730208043,6.195812013154475e-06,0.0005791400587730642
GJB2,1863.8687500455603,2.4842348369801868,0.6741721787527547,3.684867034377064,0.00022882206520081496,0.008863762836461299
IFIH1,2387.8964510006044,-2.5830810957855577,0.6154066386662405,-4.1973565663572,2.7004858153739168e-05,0.0018357966616053753
IL2RB,839.3166099545055,-2.3881138906717276,0.743141931562726,-3.213536727297638,0.0013111102873213571,0.02894944485305028
CD38,979.5055084559392,-2.7394513935562315,0.7742673863631301,-3.5381206051102265,0.0004029859452580963,0.013052646464207153
CAMK2N1,112.5832688644598,2.2476157110596073,0.37214747531422965,6.0395833914009245,1.5451264298091633e-09,6.993323543759948e-07
GABRQ,189.982244361978,6.083432718299063,0.7343610489239232,8.283980648501528,1.1912497469052732e-16,5.122076099255949e-13
COL3A1,75.62934898281627,2.5934497887223786,0.8185902329035869,3.168190487105205,0.0015339098109238042,0.032330532889802095
ARC,25.8473669392385,3.037744639913867,0.6537003218797459,4.646998843718922,3.3679905273583075e-06,0.00036063822253133807
IFIT3,6675.014695577452,-3.7511570878570613,0.795899782642339,-4.713102289591596,2.4397364733959724e-06,0.0002797401840395822
GPR3,7.370410734149061,2.9794184970304247,0.9327762801825205,3.1941405032806243,0.0014024784071454798,0.030456093591534228
FAM83C,340.36788721632286,2.2880217160004843,0.5415399213536135,4.225028711237813,2.3891031649470122e-05,0.0016703327371513684
IFITM3,8339.325487949902,-2.42110703858523,0.4530002125571085,-5.344604641394087,9.061461644550279e-08,2.1060551192516253e-05
HR,670.713408420684,2.3792551230549557,0.4923223463087918,4.8327181183091215,1.3468142176885912e-06,0.00017158413133352654
GPR78,6.385875225243308,5.421223611841212,1.7370086882055311,3.1210112238654193,0.001802311647487719,0.03608609781739381
KRT14,1800.432326526468,6.662962902182914,1.2562920874709929,5.303673380285266,1.134953056035333e-07,2.568428632993644e-05
ASPRV1,297.9883345580609,2.419336757331795,0.4861975716913656,4.976036282771833,6.489948757989369e-07,9.966127561487426e-05
CDH12,7.136300148760098,-3.375577319779102,1.0372329572628227,-3.254406154512279,0.001136296959692758,0.02673484460978898
LCE3D,29.763491050729467,4.906659441333675,0.9668367108176622,5.074961869397853,3.8757371440348827e-07,6.943625327109995e-05
ABCA12,1852.5246535880756,2.550926406166098,0.7439107333161673,3.4290759521572016,0.0006056400167399095,0.017331784771896345
CALML3,458.3330046739402,3.4991964822811044,0.6899158838016896,5.071917554643399,3.9382701449676385e-07,6.98291837353592e-05
CENPW,256.69368166183773,2.342150561206953,0.5659914611356641,4.138137625799899,3.5013633500939706e-05,0.0022221383121131437
SMTNL1,24.580729421189854,-2.642200401065105,0.8801528664455863,-3.001978976374161,0.0026823069951393366,0.04830680419832612
ULBP1,10.209083585242025,2.459907430422652,0.7836869085666488,3.138890548678151,0.0016958877853155802,0.03480617424778361
KRT16,1895.7216320851587,5.3705976068035195,0.7512429654430853,7.148948947077229,8.744484187118599e-13,1.503963835342528e-09
KRT6B,1543.6363408411412,2.797919272783632,0.7764541013086025,3.6034573944140917,0.0003140122390261614,0.011067001022563422
LINC00887,9.949207443410865,2.448012557046291,0.7469588166138083,3.27730592717799,0.0010480274933754809,0.025495084665579766
LRRN2,43.20348728524484,-3.079851939349545,0.7539793850593808,-4.0847959511611664,4.411556645870518e-05,0.002643706019244845
SLC39A2,102.35715989046872,3.1717098721272072,0.809089847098961,3.9200959986082613,8.851370297184382e-05,0.004490699638385669
NIPAL4,19.106034368654736,3.2686780357645997,0.8995948018148147,3.63350035946236,0.00027960205734939373,0.010200107448283641
TMPRSS11BNL,19.001906696902065,3.6969546807796627,0.8627702747688136,4.284981516974831,1.8275438109585523e-05,0.0013606894374318674
FMO6P,149.07879235664865,-2.147666863233443,0.4639976661824776,-4.628615658572783,3.6811824954089587e-06,0.0003844795693857697
GZMK,92.73841812278903,-3.7281850703476676,1.0404950631308874,-3.5830877074317136,0.0003395565313229254,0.011637690615317725
MUCL1,118.94861402513304,2.9208191374937438,0.796155806809888,3.6686526839478275,0.00024383205854071072,0.009319261277425963
RARRES1,2990.280683982087,-2.3687877316846606,0.5523121068467249,-4.2888571558001995,1.7959482448644174e-05,0.0013528069475574524
CALHM6,159.0061280524459,-2.7037349682569074,0.5457312514612233,-4.954334136110988,7.257839543720909e-07,0.00010669024129269737
CLCA2,2783.995577665677,5.002356610092941,0.6772221614660647,7.3865813830778,1.506519544301093e-13,3.238828705304312e-10
LOC102467080,52.437356440642816,2.1180031268039516,0.648688466759572,3.265054391030143,0.0010944305859240688,0.026062967375160364
CA2,178.8793947517778,2.409385314620708,0.5470221541880614,4.404547962407355,1.0600468676260243e-05,0.000893713042955882
IFI6,10474.6047892371,-4.270324231029433,0.6589943044112518,-6.480062426100266,9.168467646676715e-11,7.167657957054218e-08
LINC01088,15.46021768318667,2.6277553362041766,0.6925118229922901,3.794527759612607,0.00014792473203835326,0.006557106871978449
MX2,4029.5482010529763,-2.5143610256145523,0.6764023309669586,-3.7172565949323677,0.0002013978670232925,0.008163813788413219
CYP2C18,375.1368269818174,3.9956968397605417,0.6766507065845169,5.905109979016124,3.524115725839176e-09,1.3775287811069996e-06
UPK1B,7005.429189015074,2.0053991211716866,0.6563693633640091,3.0552905621518676,0.002248425777214116,0.04282466771019444
LINC01187,50.79424146513655,-3.3626231075118405,0.7324247440920186,-4.5910834316233515,4.409510117783386e-06,0.0004435038860570553
LINC00707,228.60218505337028,3.3481835513187956,0.6855646887500222,4.883833146983517,1.0404312620211768e-06,0.0001400291448617743
SPRR2A,17960.525238699036,4.909419360196729,1.2409977440702438,3.9560260150793978,7.620686584799421e-05,0.003971763290059553
THBD,299.7155644329695,2.987617256698143,0.6265114848909823,4.7686552102361075,1.8545975834819143e-06,0.00022366130464766059
TGM1,737.3793651230994,2.0950549294527074,0.6154164812809481,3.404287979242921,0.0006633677621440071,0.01849151076355718
GAST,12.8028501598443,2.6123918783591478,0.6991248594753151,3.736659972754676,0.00018648082580391263,0.0077187292871586525
IFI44L,3603.827228914504,-4.264600226076895,0.7463077036339802,-5.71426531618442,1.1017898492964121e-08,3.644169926547883e-06
FOXA3,549.887920171665,-2.254128666193012,0.7446545513718265,-3.027079686870085,0.0024692885356411842,0.04593039239811194
TMPRSS11D,6286.647398119904,2.052810033198378,0.5171211353125249,3.9696889046272514,7.196653186597378e-05,0.0038049544983025005
B3GNT6,331.64939464868326,-2.968984254719892,0.7808201095488793,-3.8023921494993647,0.0001433056569941004,0.006469065602733683
LINC02487,31.53864926036056,2.8537550985337448,0.8441161979777215,3.3807609726843113,0.0007228539472106326,0.019486465576921113
CRNN,2169.920430081712,3.2367342656267053,0.8610477799613394,3.7590646430469086,0.00017054977207555617,0.00729057136197744
PLA2G4E,96.07088150396423,4.443260323071342,0.8882641596141561,5.0021835002342145,5.668459563982196e-07,9.027021855641647e-05
CCL8,37.70709698302895,-5.8679677924830855,1.188371681875648,-4.937821964270866,7.899991261554515e-07,0.00011417810899787907
WARS1,19164.51151565889,-2.1128537726367123,0.682425540558097,-3.0960942213692517,0.0019608804210816916,0.038631365821516626
HES2,321.116154522899,2.074338728306355,0.3480988380638328,5.959050997826001,2.5370692242287525e-09,1.090876339687758e-06
TFF3,11287.055190038845,-4.538588481222811,0.9775469849113464,-4.642834105446517,3.436622807576099e-06,0.00036485478807099584
DSG3,4165.583930557228,5.0575701226531065,0.6047443758488634,8.363153630910467,6.106361464319613e-17,3.5007770274944344e-13
FOXD1,9.236720969635359,2.458739206730398,0.815846892902512,3.01372626177814,0.0025806053283884784,0.047041488710643384
ULBP2,85.86653664238197,2.3123888508539756,0.72756239150746,3.178268802573567,0.001481573246667347,0.031770456356946926
GIMAP7,158.3399030164101,-2.52349379636262,0.6858383230922872,-3.679429555619999,0.00023375624695005622,0.008974048418067003
RNF222,75.12598810349061,2.072544434851395,0.5419016055377365,3.8245770333062223,0.00013099678371892678,0.00599205766803676
S100A3,72.1366474655326,3.0793666758089637,0.329629937770754,9.341890171245776,9.46294369173528e-21,1.627531685541551e-16
COL5A3,31.051454313706287,2.9391732481668043,0.732546595849307,4.012267976973065,6.0138176485565046e-05,0.003325776518891425
CHRNA9,25.84247310155775,2.4304732127096353,0.4844246742542465,5.017236614652747,5.241999264853444e-07,8.459423065395627e-05
CYP4F22,31.023142937760674,2.593932223716112,0.6494347962116813,3.9941380394878436,6.493002914750093e-05,0.0035228125277850745
CD1C,28.152548165967346,2.9524287565939975,0.5952328575017269,4.960123957178274,7.044821110666143e-07,0.00010475355556180413
LOC100507516,960.1335796038226,-2.0307238647323564,0.5893880074781505,-3.4454787660531734,0.0005700487518525394,0.01656371283994721
RDH12,26.528107850374635,2.459306605378611,0.5803547258992483,4.237592106393143,2.2592974500713617e-05,0.0015990805285505082
BST2,3422.839015903466,-3.2333284513689295,0.5305844416684558,-6.093899853530434,1.10192611612332e-09,5.694186693081191e-07
CXCL10,2725.6835569976993,-4.352999620779567,1.282447032308327,-3.3942919365210984,0.0006880630153873028,0.01890414664799716
CRCT1,163.08776240028297,3.4785934449495164,0.6681703704277235,5.206147412257632,1.92801504864358e-07,4.144991352702617e-05
IFIT2,6233.560304686579,-4.171259075210696,0.8736384597598011,-4.774582699069299,1.8008027191561797e-06,0.0002216150507422034
COL6A6,378.4200376040769,2.5060389676412798,0.6466270000698674,3.8755557181659674,0.00010638163274315543,0.005096539558633789
SDR9C7,37.046916462851186,7.985203589872963,1.567111812517489,5.095490651075575,3.47839187361214e-07,6.432780842393032e-05
GIMAP1,76.01866907999369,-2.1597463561307335,0.641210173136709,-3.3682347015262737,0.0007565116567609248,0.02020379500719122
SLC38A3,7.5822827750118424,2.443814984051267,0.8063775136542509,3.0306090418824567,0.0024406104227410923,0.04557661092369603
LOC339260,138.79963632923113,-2.012971449477698,0.5952667095288647,-3.3816294734017673,0.0007205726669143114,0.019455462006686408
SMIM33,36.78548819451465,-2.7446860708887844,0.8247278894773735,-3.3279898811571416,0.0008747504367184876,0.022397695585434002
LOC105374378,6.212520151757861,5.379655159196707,1.7866913039493226,3.010959502240514,0.002604235833708443,0.04729699271800582
C6orf223,214.94374629631562,-3.4851053539041135,0.9172199550116145,-3.79963969913845,0.00014490660938765314,0.006502502626296528
SRARP,49.87989706868099,-2.570216142715709,0.8511941216696255,-3.019541697109239,0.0025315744287569032,0.04641053818441364
LCE3E,13.641494774417287,5.797477995828581,1.283391699884573,4.517309872231525,6.263021989724211e-06,0.000582257920006847
FRY,1082.282819211865,-2.1223066772014914,0.5113585634834448,-4.150329785706622,3.319965823732111e-05,0.002146620007607841
NCCRP1,2448.62922279969,2.0205475525462013,0.5571303193249838,3.626705426827759,0.00028706045783911434,0.010429031682945985
NEFM,7.640891184043345,4.316233367581859,1.2392473885392792,3.4829473174597307,0.0004959259468488576,0.015069664946737636
KRT6C,121.29084750722298,4.8391367298862455,0.7886805210070876,6.135737603493769,8.476496930525312e-10,5.027147265796719e-07
MIR205,10.840638934509572,2.336791956021788,0.6782276756192869,3.4454388106295912,0.0005701330310627797,0.01656371283994721
SLC10A6,26.160142456838365,2.2216764396052797,0.6988354478553366,3.1791124025311044,0.0014772679315111813,0.03171976423727941
MAB21L2,16.976606033599623,-4.396321395706613,1.3707997459777017,-3.2071215424474744,0.001340703384187836,0.029374213381715406
LGI3,17.91987334287552,2.829811850020331,0.7095384555359485,3.9882431007672983,6.656443377928575e-05,0.0035888454437929015
CYP2C9,4.457370179792145,3.5152487694544186,1.1583821642018923,3.034619211248277,0.00240839553575029,0.04507289969463464
CYP2C19,7.471776571062376,3.2350526010185163,1.05738712743585,3.059477950013896,0.0022172310869053944,0.042418417645924224
SUGCT,19.420392202529605,2.179437062000947,0.6120104339947426,3.561110956516256,0.0003692889760709701,0.012214232883547336
PDE8B,502.86962961796723,-2.2125197052700063,0.6742470153199771,-3.281467555655418,0.0010326840425896034,0.02524291823757628
